{
    "avg_latency": 73.0387226099997,
    "latencies": [
        73.0404787589996,
        73.03696646099979
    ],
    "percentiles": {
        "10": 73.03731769079977,
        "25": 73.03784453549974,
        "50": 73.0387226099997,
        "75": 73.03960068449965,
        "90": 73.04012752919962,
        "99": 73.0404436360196
    }
}