{
    "avg_latency": 879.7610089220007,
    "latencies": [
    ],
    "percentiles": {
        "10": 879.7324931396006,
        "25": 879.7431865580006,
        "50": 879.7610089220007,
        "75": 879.7788312860007,
        "90": 879.7895247044007,
        "99": 879.7959407554407
    }
}