{
    "avg_latency": 78.60985153650017,
    "latencies": [
        78.58809931999986,
        78.63160375300049
    ],
    "percentiles": {
        "10": 78.59244976329992,
        "25": 78.59897542825001,
        "50": 78.60985153650017,
        "75": 78.62072764475033,
        "90": 78.62725330970042,
        "99": 78.63116870867049
    }
}