{
    "avg_latency": 474.87329929399993,
    "latencies": [
        474.9053160180001,
        474.84128256999975
    ],
    "percentiles": {
        "10": 474.8476859147998,
        "25": 474.85729093199984,
        "50": 474.87329929399993,
        "75": 474.889307656,
        "90": 474.8989126732001,
        "99": 474.9046756835201
    }
}