{
    "elapsed_time": 474.25974242899974,
    "num_requests": 128,
    "total_num_tokens": 524288,
    "requests_per_second": 0.26989429746751603,
    "tokens_per_second": 1105.4870424269457
}