{
    "elapsed_time": 214.67450040199947,
    "num_requests": 128,
    "total_num_tokens": 278528,
    "requests_per_second": 0.5962515331830618,
    "tokens_per_second": 1297.4433362063426
}