{
    "elapsed_time": 73.01276787299958,
    "num_requests": 4,
    "total_num_tokens": 16384,
    "requests_per_second": 0.054784938532363416,
    "tokens_per_second": 224.39910822856055
}