{
    "avg_latency": 84.22032822099982,
    "latencies": [
        84.16763069199988,
        84.27302574999976
    ],
    "percentiles": {
        "10": 84.17817019779986,
        "25": 84.19397945649985,
        "50": 84.22032822099982,
        "75": 84.24667698549979,
        "90": 84.26248624419978,
        "99": 84.27197179941976
    }
}