{
    "avg_latency": 262.6812863750001,
    "latencies": [
        262.6708988240007,
        262.69167392599957
    ],
    "percentiles": {
        "10": 262.6729763342006,
        "25": 262.6760925995004,
        "50": 262.6812863750001,
        "75": 262.68648015049985,
        "90": 262.68959641579966,
        "99": 262.69146617497955
    }
}