{
    "elapsed_time": 75.824556347,
    "num_requests": 16,
    "total_num_tokens": 34816,
    "requests_per_second": 0.2110134337849382,
    "tokens_per_second": 459.16523191602556
}