{
    "elapsed_time": 75.0559648920007,
    "num_requests": 8,
    "total_num_tokens": 17408,
    "requests_per_second": 0.10658713150262387,
    "tokens_per_second": 231.93359814970955
}