{
    "elapsed_time": 8.689760353000565,
    "num_requests": 64,
    "total_num_tokens": 9011200,
    "requests_per_second": 7.364990218389724,
    "tokens_per_second": 1036990.6227492732
}