{
    "elapsed_time": 71.27394035900033,
    "num_requests": 4,
    "total_num_tokens": 8704,
    "requests_per_second": 0.05612149377251159,
    "tokens_per_second": 122.12037044898523
}