{
    "elapsed_time": 4.277097503000732,
    "num_requests": 32,
    "total_num_tokens": 4505600,
    "requests_per_second": 7.481709261373957,
    "tokens_per_second": 1053424.664001453
}