{
    "elapsed_time": 0.12339069699919492,
    "num_requests": 1,
    "total_num_tokens": 93728,
    "requests_per_second": 8.104338692620601,
    "tokens_per_second": 759603.4569819437
}