{
    "elapsed_time": 0.10551858600047126,
    "num_requests": 1,
    "total_num_tokens": 93728,
    "requests_per_second": 9.477003416208913,
    "tokens_per_second": 888260.576194429
}