{
    "elapsed_time": 143.85659589400075,
    "num_requests": 32,
    "total_num_tokens": 131072,
    "requests_per_second": 0.22244374546147935,
    "tokens_per_second": 911.1295814102194
}