{
    "elapsed_time": 0.601812482999776,
    "num_requests": 4,
    "total_num_tokens": 563200,
    "requests_per_second": 6.6465886185373275,
    "tokens_per_second": 935839.6774900558
}