{
    "elapsed_time": 78.370050558,
    "num_requests": 32,
    "total_num_tokens": 69632,
    "requests_per_second": 0.408319246601959,
    "tokens_per_second": 888.5026806058629
}