{
    "elapsed_time": 1.11556679899968,
    "num_requests": 8,
    "total_num_tokens": 1126400,
    "requests_per_second": 7.17124246362794,
    "tokens_per_second": 1009710.9388788139
}