{
    "avg_latency": 144.09506288400007,
    "latencies": [
        144.05393981999987,
        144.13618594800027
    ],
    "percentiles": {
        "10": 144.0621644327999,
        "25": 144.07450135199997,
        "50": 144.09506288400007,
        "75": 144.11562441600017,
        "90": 144.12796133520024,
        "99": 144.13536348672028
    }
}