{
    "input": 128,
    "ouput": 2048,
    "elapsed_time": 195.52641584794037,
    "num_requests": 128,
    "total_num_tokens": 278528,
    "requests_per_second": 0.6546430028132095,
    "tokens_per_second": 1424.503174121544
}