{
    "elapsed_time": 353.0339650650276,
    "num_requests": 32,
    "total_num_tokens": 1114624,
    "requests_per_second": 0.09064283657269553,
    "tokens_per_second": 3157.2712835001307
}