{
    "input": 32784,
    "ouput": 2048,
    "elapsed_time": 1048.253293470014,
    "num_requests": 32,
    "total_num_tokens": 1114624,
    "requests_per_second": 0.03052697301247772,
    "tokens_per_second": 1063.3155239706239
}