{
    "elapsed_time": 99.36810182698537,
    "num_requests": 64,
    "total_num_tokens": 139264,
    "requests_per_second": 0.6440698657143871,
    "tokens_per_second": 1401.496027794506
}