gpu,num_prompts,request_rate,burstiness,max_concurrency,duration,completed,total_input_tokens,total_output_tokens,request_throughput,request_goodput,output_throughput,total_token_throughput,mean_ttft_ms,median_ttft_ms,std_ttft_ms,p99_ttft_ms,mean_tpot_ms,median_tpot_ms,std_tpot_ms,p99_tpot_ms,mean_itl_ms,median_itl_ms,std_itl_ms,p99_itl_ms,num-scheduler-step,qps,enable-chunked-prefill,max-num-batched-tokens,max-num-seqs,max-seq-len-to-capture,enable-prefix-caching,filename
8xh100,1000,16,,,100.6674141,1000,215196,120689,9.933701079,,1198.88845,3336.581187,1486.393741,403.3162765,2566.880241,9912.536468,106.5388952,112.4545221,23.15990766,153.4706692,99.48882073,113.799867,49.50954886,290.8384772,1,16,TRUE,512,512,8192,FALSE,vllm-16.0qps-Llama-3.1-405B-FP8-20241109-150547
8xh100,1000,32,,,98.09076606,1000,215196,122819,10.19463952,,1252.095431,3445.941077,9375.633242,3637.376601,11520.33509,37582.92645,110.0495344,116.7915238,21.20502989,161.2216393,101.8808344,113.9987345,57.14108335,331.369471,1,32,TRUE,512,512,8192,FALSE,vllm-32.0qps-Llama-3.1-405B-FP8-20241109-150842
8xh100,1000,1000,,,97.93427065,1000,215196,122195,10.21093018,,1247.724614,3445.075945,18688.45891,9156.044752,21571.80745,67563.17061,110.6150071,116.9408176,20.70266607,168.210065,102.3270841,114.4812475,54.86264748,333.6657995,1,1000,TRUE,512,512,8192,FALSE,vllm-1000.0qps-Llama-3.1-405B-FP8-20241109-151112
8xmi300x,1000,16,,,200.47,1000,215196,122250,4.988101188,,609.7953702,1683.214793,1859.319785,1584.433357,2545.578065,8247.236714,1630.988923,430.4484611,4508.741473,17194.6423,386.8850876,220.271028,2817.036199,486.5110706,15,16,FALSE,default,1024,16384,FALSE,vllm-16.0qps-Llama-3.1-405B-FP8-20241116-151951.json
8xmi300x,1000,32,,,195.1163724,1000,215196,121792,5.125146534,,624.2018467,1727.11288,17445.62569,15001.27883,16379.20397,43010.45681,959.2832752,323.4379971,2604.977454,12720.17659,311.179219,222.438284,1921.33949,444.3907897,15,32,FALSE,default,1024,16385,FALSE,vllm-32.0qps-Llama-3.1-405B-FP8-20241116-152551.json
8xmi300x,1000,1000,,,43.59766761,17,7530,0,0.389929116,,0,172.7156615,,,,,,,,,,,,,,1000,,,,,,vllm-1000.0qps-Llama-3.1-405B-FP8-20241116-152727.json